Year,Population1,"Violent
crime","Violent 
crime 
rate ","Murder and
nonnegligent 
manslaughter","Murder and 
nonnegligent 
manslaughter 
rate ","Rape
(legacy
definition)2","Rape
(legacy
definition)2
rate",Robbery,"Robbery 
rate ","Aggravated 
assault","Aggravated 
assault rate ","Property 
crime","Property 
crime 
rate ",Burglary,"Burglary 
rate ","Larceny-
theft","Larceny-
theft rate ","Motor 
vehicle 
theft","Motor 
vehicle 
theft 
rate ",, ,,
1994,260327021,1857670,714,23326,9,102216,39,618949,238,1113179,428,12131873,4660,2712774,1042,7879812,3027,1539287,591,,,,
1995,262803276,1798792,685,21606,8,97470,37,580509,221,1099207,418,12063935,4591,2593784,987,7997710,3043,1472441,560,,,,
1996,265228572,1688540,637,19645,7,96252,36,535594,202,1037049,391,11805323,4451,2506400,945,7904685,2980,1394238,526,,,,
1997,267783607,1636096,611,18208,7,96153,36,498534,186,1023201,382,11558475,4316,2460526,919,7743760,2892,1354189,506,,,,
1998,270248003,1533887,568,16974,6,93144,35,447186,166,976583,361,10951827,4053,2332735,863,7376311,2730,1242781,460, ,,,
1999,272690813,1426044,523,15522,6,89411,33,409371,150,911740,334,10208334,3744,2100739,770,6955520,2551,1152075,423,,,,
2000,281421906,1425486,507,15586,6,90178,32,408016,145,911706,324,10182584,3618,2050992,729,6971590,2477,1160002,412,,,, 
2001,285317559,1439480,505,16037,6,90863,32,423557,149,909023,319,10437189,3658,2116531,742,7092267,2486,1228391,431,,,,
2002,287973924,1423677,494,16229,6,95235,33,420806,146,891407,310,10455277,3631,2151252,747,7057379,2451,1246646,433,,,,
2003,290788976,1383676,476,16528,6,93883,32,414235,143,859030,295,10442862,3591,2154834,741,7026802,2417,1261226,434, ,,,
2004,293656842,1360088,463,16148,6,95089,32,401470,137,847381,289,10319386,3514,2144446,730,6937089,2362,1237851,422,, ,,
2005,296507061,1390745,469,16740,6,94347,32,417438,141,862220,291,10174754,3432,2155448,727,6783447,2288,1235859,417,,,,
2006,299398484,1435123,479,17309,6,94472,32,449246,150,874096,292,10019601,3347,2194993,733,6626363,2213,1198245,400,,,,
2007,301621157,1422970,472,17128,6,92160,31,447324,148,866358,287,9882212,3276,2190198,726,6591542,2185,1100472,365,,,,
2008,304059724,1394461,459,16465,5,90750,30,443563,146,843683,278,9774152,3215,2228887,733,6586206,2166,959059,315,,,,
2009,307006550,1325896,432,15399,5,89241,29,408742,133,812514,265,9337060,3041,2203313,718,6338095,2065,795652,259,,,,
2010,309330219,1251248,405,14722,5,85593,28,369089,119,781844,253,9112625,2946,2168459,701,6204601,2006,739565,239,,,,
2011,311587816,1206005,387,14661,5,84175,27,354746,114,752423,242,9052743,2905,2185140,701,6151095,1974,716508,230,,,,
2012,313873685,1217057,388,14856,5,85141,27,355051,113,762009,243,9001992,2868,2109932,672,6168874,1965,723186,230,,,,
2013,316128839,1163146,368,14196,5,79770,25,345031,109,724149,229,8632512,2731,1928465,610,6004453,1899,699594,221,,,,
2014,318907401,1153022,362,14164,4,84864,27,322905,101,731089,229,8209010,2574,1713153,537,5809054,1822,686803,215,,,,
2015,320896618,1199310,374,15883,5,91261,28,328109,102,764057,238,8024115,2501,1587564,495,5723488,1784,713063,222,,,,
2016,323405935,1250162,387,17413,5,96970,30,332797,103,802982,248,7928530,2452,1516405,469,5644835,1745,767290,237,,,,
2017,325147121,1247917,384,17294,5,99708,31,320596,99,810319,249,7682988,2363,1397045,430,5513000,1696,772943,238,,,,
2018,327167434,1206836,369,16214,5,101151,31,282061,86,807410,247,7196045,2200,1230149,376,5217055,1595,748841,229,,,,
